,frequency,solid_angle,elevation,azimuth,fwhm
0,74.895,1.2681103790552761,0.5235987755982987,6.265732014659643,1
1,74.935,1.2670606386433882,0.5235987755982987,6.265732014659643,1
2,74.975,1.2660116659311154,0.5235987755982987,6.265732014659643,1
3,75.015,1.264963460918458,0.5235987755982987,6.265732014659643,1
4,75.055,1.2639160236054159,0.5235987755982987,6.265732014659643,1
5,75.095,1.2628693539919897,0.5235987755982987,6.265732014659643,1
6,75.135,1.2618234520781786,0.5235987755982987,6.265732014659643,1
7,75.175,1.2607783178639824,0.5235987755982987,6.265732014659643,1
8,75.215,1.2597339513494021,0.5235987755982987,6.265732014659643,1
9,75.255,1.2586903525344368,0.5235987755982987,6.265732014659643,1
10,75.295,1.2576475214190874,0.5235987755982987,6.265732014659643,1
11,75.335,1.256605458003353,0.5235987755982987,6.265732014659643,1
12,75.375,1.255564162287234,0.5235987755982987,6.265732014659643,1
13,75.415,1.2545236342707304,0.5235987755982987,6.265732014659643,1
14,75.455,1.2534838739538423,0.5235987755982987,6.265732014659643,1
15,75.495,1.2524448813365696,0.5235987755982987,6.265732014659643,1
16,75.535,1.251406656418912,0.5235987755982987,6.265732014659643,1
17,75.575,1.2503691992008696,0.5235987755982987,6.265732014659643,1
18,75.615,1.2493325096824432,0.5235987755982987,6.265732014659643,1
19,75.655,1.2482965878636318,0.5235987755982987,6.265732014659643,1
20,75.695,1.2472614337444359,0.5235987755982987,6.265732014659643,1
21,75.735,1.246227047324855,0.5235987755982987,6.265732014659643,1
22,75.775,1.2451934286048898,0.5235987755982987,6.265732014659643,1
23,75.815,1.2441605775845397,0.5235987755982987,6.265732014659643,1
24,75.855,1.2431284942638055,0.5235987755982987,6.265732014659643,1
25,75.895,1.2420971786426867,0.5235987755982987,6.265732014659643,1
26,75.935,1.2410666307211828,0.5235987755982987,6.265732014659643,1
27,75.975,1.2400368504992945,0.5235987755982987,6.265732014659643,1
28,76.015,1.239007837977021,0.5235987755982987,6.265732014659643,1
29,76.055,1.2379795931543636,0.5235987755982987,6.265732014659643,1
30,76.095,1.236952116031322,0.5235987755982987,6.265732014659643,1
31,76.135,1.2359254066078944,0.5235987755982987,6.265732014659643,1
32,76.175,1.2348994648840832,0.5235987755982987,6.265732014659643,1
33,76.215,1.233874290859887,0.5235987755982987,6.265732014659643,1
34,76.255,1.232849884535307,0.5235987755982987,6.265732014659643,1
35,76.295,1.2318262459103404,0.5235987755982987,6.265732014659643,1
36,76.335,1.2308033749849914,0.5235987755982987,6.265732014659643,1
37,76.375,1.2297812717592564,0.5235987755982987,6.265732014659643,1
38,76.415,1.228759936233137,0.5235987755982987,6.265732014659643,1
39,76.455,1.2277393684066338,0.5235987755982987,6.265732014659643,1
40,76.495,1.2267195682797443,0.5235987755982987,6.265732014659643,1
41,76.535,1.225700535852472,0.5235987755982987,6.265732014659643,1
42,76.575,1.2246822711248138,0.5235987755982987,6.265732014659643,1
43,76.615,1.2236647740967714,0.5235987755982987,6.265732014659643,1
44,76.655,1.222648044768344,0.5235987755982987,6.265732014659643,1
45,76.695,1.2216320831395326,0.5235987755982987,6.265732014659643,1
46,76.735,1.2206168892103366,0.5235987755982987,6.265732014659643,1
47,76.775,1.2196024629807556,0.5235987755982987,6.265732014659643,1
48,76.815,1.21858880445079,0.5235987755982987,6.265732014659643,1
49,76.855,1.2175759136204398,0.5235987755982987,6.265732014659643,1
50,76.895,1.216563790489705,0.5235987755982987,6.265732014659643,1
51,76.935,1.2155524350585858,0.5235987755982987,6.265732014659643,1
52,76.975,1.2145418473270815,0.5235987755982987,6.265732014659643,1
53,77.015,1.213532027295193,0.5235987755982987,6.265732014659643,1
54,77.055,1.2125229749629192,0.5235987755982987,6.265732014659643,1
55,77.095,1.2115146903302616,0.5235987755982987,6.265732014659643,1
56,77.135,1.2105071733972186,0.5235987755982987,6.265732014659643,1
57,77.175,1.2095004241637919,0.5235987755982987,6.265732014659643,1
58,77.215,1.2084944426299802,0.5235987755982987,6.265732014659643,1
59,77.255,1.2074892287957835,0.5235987755982987,6.265732014659643,1
60,77.295,1.2064847826612026,0.5235987755982987,6.265732014659643,1
61,77.335,1.2054811042262363,0.5235987755982987,6.265732014659643,1
62,77.375,1.2044781934908864,0.5235987755982987,6.265732014659643,1
63,77.415,1.2034760504551518,0.5235987755982987,6.265732014659643,1
64,77.455,1.2024746751190318,0.5061454830783556,6.265732014659643,1
65,77.495,1.2014740674825277,0.5061454830783556,6.265732014659643,1
66,77.535,1.2004742275456386,0.5061454830783556,6.265732014659643,1
67,77.575,1.1994751553083653,0.5061454830783556,6.265732014659643,1
68,77.615,1.198476850770707,0.5061454830783556,6.265732014659643,1
69,77.655,1.1974793139326643,0.5061454830783556,6.265732014659643,1
70,77.695,1.1964825447942373,0.5061454830783556,6.265732014659643,1
71,77.735,1.195486543355425,0.5061454830783556,6.265732014659643,1
72,77.775,1.1944913096162284,0.5061454830783556,6.265732014659643,1
73,77.815,1.1934968435766469,0.5061454830783556,6.265732014659643,1
74,77.855,1.1925031452366812,0.5061454830783556,6.265732014659643,1
75,77.895,1.191510214596331,0.5061454830783556,6.265732014659643,1
76,77.935,1.1905180516555958,0.5061454830783556,6.265732014659643,1
77,77.975,1.189526656414476,0.5061454830783556,6.265732014659643,1
78,78.015,1.1885360288729712,0.5061454830783556,6.265732014659643,1
79,78.055,1.1875461690310827,0.5061454830783556,6.265732014659643,1
80,78.095,1.1865570768888087,0.5061454830783556,6.265732014659643,1
81,78.135,1.1855687524461507,0.5061454830783556,6.265732014659643,1
82,78.175,1.184581195703108,0.5061454830783556,6.265732014659643,1
83,78.215,1.18359440665968,0.5061454830783556,6.265732014659643,1
84,78.255,1.1826083853158686,0.5061454830783556,6.265732014659643,1
85,78.295,1.181623131671671,0.5061454830783556,6.265732014659643,1
86,78.335,1.1806386457270905,0.5061454830783556,6.265732014659643,1
87,78.375,1.1796549274821242,0.5061454830783556,6.265732014659643,1
88,78.415,1.1786719769367728,0.5061454830783556,6.265732014659643,1
89,78.455,1.1776897940910382,0.5061454830783556,6.265732014659643,1
90,78.495,1.1767083789449178,0.5061454830783556,6.265732014659643,1
91,78.535,1.175727731498414,0.5061454830783556,6.265732014659643,1
92,78.575,1.1747478517515244,0.5061454830783556,6.265732014659643,1
93,78.615,1.173768739704251,0.5061454830783556,6.265732014659643,1
94,78.655,1.1727903953565924,0.5061454830783556,6.265732014659643,1
95,78.695,1.1718128187085495,0.5061454830783556,6.265732014659643,1
96,78.735,1.170836009760122,0.5061454830783556,6.265732014659643,1
97,78.775,1.1698599685113087,0.5061454830783556,6.265732014659643,1
98,78.815,1.1688846949621126,0.5061454830783556,6.265732014659643,1
99,78.855,1.1679101891125305,0.5061454830783556,6.265732014659643,1
100,78.895,1.1669364509625648,0.5061454830783556,6.265732014659643,1
101,78.935,1.1659634805122137,0.5061454830783556,6.265732014659643,1
102,78.975,1.1649912777614784,0.5061454830783556,6.265732014659643,1
103,79.015,1.1640198427103585,0.5061454830783556,6.265732014659643,1
104,79.055,1.1630491753588532,0.5061454830783556,6.265732014659643,1
105,79.095,1.1620792757069642,0.5061454830783556,6.265732014659643,1
106,79.135,1.1611101437546902,0.5061454830783556,6.265732014659643,1
107,79.175,1.1601417795020317,0.5061454830783556,6.265732014659643,1
108,79.215,1.1591741829489886,0.5061454830783556,6.265732014659643,1
109,79.255,1.1582073540955604,0.5061454830783556,6.265732014659643,1
110,79.295,1.1572412929417482,0.5061454830783556,6.265732014659643,1
111,79.335,1.1562759994875509,0.5061454830783556,6.265732014659643,1
112,79.375,1.1553114737329695,0.5061454830783556,6.265732014659643,1
113,79.415,1.1543477156780027,0.5061454830783556,6.265732014659643,1
114,79.455,1.1533847253226521,0.5061454830783556,6.265732014659643,1
115,79.495,1.1524225026669166,0.5061454830783556,6.265732014659643,1
116,79.535,1.151461047710796,0.5061454830783556,6.265732014659643,1
117,79.575,1.1505003604542914,0.5061454830783556,6.265732014659643,1
118,79.615,1.1495404408974017,0.5061454830783556,6.265732014659643,1
119,79.655,1.1485812890401275,0.5061454830783556,6.265732014659643,1
120,79.695,1.147622904882469,0.5061454830783556,6.265732014659643,1
121,79.735,1.1466652884244253,0.5061454830783556,6.265732014659643,1
122,79.775,1.1457084396659978,0.5061454830783556,6.265732014659643,1
123,79.815,1.1447523586071848,0.5061454830783556,6.265732014659643,1
124,79.855,1.1437970452479878,0.5061454830783556,6.265732014659643,1
125,79.895,1.1428424995884061,0.5061454830783556,6.265732014659643,1
126,79.935,1.141888721628439,0.5061454830783556,6.265732014659643,1
127,79.975,1.1409357113680882,0.5061454830783556,6.265732014659643,1
128,80.015,1.139983468807352,0.5061454830783556,6.265732014659643,1
129,80.055,1.1390319939462321,0.5061454830783556,6.265732014659643,1
130,80.095,1.1380812867847268,0.5061454830783556,6.265732014659643,1
131,80.135,1.1371313473228373,0.5061454830783556,6.265732014659643,1
132,80.175,1.1361821755605632,0.5061454830783556,6.265732014659643,1
133,80.215,1.1352337714979037,0.5061454830783556,6.265732014659643,1
134,80.255,1.1342861351348605,0.5061454830783556,6.265732014659643,1
135,80.295,1.133339266471432,0.5061454830783556,6.265732014659643,1
136,80.335,1.13239316550762,0.5061454830783556,6.265732014659643,1
137,80.375,1.1314478322434223,0.5061454830783556,6.265732014659643,1
138,80.415,1.13050326667884,0.5061454830783556,6.265732014659643,1
139,80.455,1.1295594688138735,0.5061454830783556,6.265732014659643,1
140,80.495,1.128616438648522,0.5061454830783556,6.265732014659643,1
141,80.535,1.1276741761827869,0.5061454830783556,6.265732014659643,1
142,80.575,1.1267326814166654,0.5061454830783556,6.265732014659643,1
143,80.615,1.125791954350161,0.5061454830783556,6.265732014659643,1
144,80.655,1.124851994983271,0.5061454830783556,6.265732014659643,1
145,80.695,1.1239128033159966,0.5061454830783556,6.265732014659643,1
146,80.735,1.1229743793483373,0.5061454830783556,6.265732014659643,1
147,80.775,1.122036723080293,0.5061454830783556,6.265732014659643,1
148,80.815,1.1210998345118655,0.5061454830783556,6.265732014659643,1
149,80.855,1.1201637136430524,0.5061454830783556,6.265732014659643,1
150,80.895,1.1192283604738549,0.5061454830783556,6.265732014659643,1
151,80.935,1.1182937750042723,0.5061454830783556,6.265732014659643,1
152,80.975,1.117359957234306,0.5061454830783556,6.265732014659643,1
153,81.015,1.1164269071639548,0.5061454830783556,6.265732014659643,1
154,81.055,1.1154946247932176,0.5061454830783556,6.265732014659643,1
155,81.095,1.1145631101220976,0.5061454830783556,6.265732014659643,1
156,81.135,1.1136323631505918,0.5061454830783556,6.265732014659643,1
157,81.175,1.1127023838787022,0.5061454830783556,6.265732014659643,1
158,81.215,1.1117731723064272,0.5061454830783556,6.265732014659643,1
159,81.255,1.1108447284337681,0.5061454830783556,6.265732014659643,1
160,81.295,1.109917052260725,0.4886921905584123,6.265732014659643,1
161,81.335,1.1089901437872958,0.4886921905584123,6.265732014659643,1
162,81.375,1.108064003013483,0.4886921905584123,6.265732014659643,1
163,81.415,1.1071386299392847,0.4886921905584123,6.265732014659643,1
164,81.455,1.1062140245647027,0.4886921905584123,6.265732014659643,1
165,81.495,1.1052901868897358,0.4886921905584123,6.265732014659643,1
166,81.535,1.1043671169143843,0.4886921905584123,6.265732014659643,1
167,81.575,1.1034448146386482,0.4886921905584123,6.265732014659643,1
168,81.615,1.1025232800625266,0.4886921905584123,6.265732014659643,1
169,81.655,1.1016025131860214,0.4886921905584123,6.265732014659643,1
170,81.695,1.1006825140091316,0.4886921905584123,6.265732014659643,1
171,81.735,1.0997632825318564,0.4886921905584123,6.265732014659643,1
172,81.775,1.0988448187541975,0.4886921905584123,6.265732014659643,1
173,81.815,1.0979271226761531,0.4886921905584123,6.265732014659643,1
174,81.855,1.0970101942977246,0.4886921905584123,6.265732014659643,1
175,81.895,1.0960940336189111,0.4886921905584123,6.265732014659643,1
176,81.935,1.0951786406397135,0.4886921905584123,6.265732014659643,1
177,81.975,1.0942640153601308,0.4886921905584123,6.265732014659643,1
178,82.015,1.0933501577801636,0.4886921905584123,6.265732014659643,1
179,82.055,1.0924370678998119,0.4886921905584123,6.265732014659643,1
180,82.095,1.091524745719075,0.4886921905584123,6.265732014659643,1
181,82.135,1.0906131912379546,0.4886921905584123,6.265732014659643,1
182,82.175,1.0897024044564492,0.4886921905584123,6.265732014659643,1
183,82.215,1.0887923853745582,0.4886921905584123,6.265732014659643,1
184,82.255,1.0878831339922836,0.4886921905584123,6.265732014659643,1
185,82.295,1.0869746503096236,0.4886921905584123,6.265732014659643,1
186,82.335,1.0860669343265803,0.4886921905584123,6.265732014659643,1
187,82.375,1.0851599860431507,0.4886921905584123,6.265732014659643,1
188,82.415,1.0842538054593374,0.4886921905584123,6.265732014659643,1
189,82.455,1.0833483925751395,0.4886921905584123,6.265732014659643,1
190,82.495,1.0824437473905566,0.4886921905584123,6.265732014659643,1
191,82.535,1.0815398699055896,0.4886921905584123,6.265732014659643,1
192,82.575,1.0806367601202371,0.4886921905584123,6.265732014659643,1
193,82.615,1.0797344180345014,0.4886921905584123,6.265732014659643,1
194,82.655,1.0788328436483798,0.4886921905584123,6.265732014659643,1
195,82.695,1.0779320369618746,0.4886921905584123,6.265732014659643,1
196,82.735,1.0770319979749834,0.4886921905584123,6.265732014659643,1
197,82.775,1.076132726687708,0.4886921905584123,6.265732014659643,1
198,82.815,1.0752342231000491,0.4886921905584123,6.265732014659643,1
199,82.855,1.0743364872120038,0.4886921905584123,6.265732014659643,1
200,82.895,1.0734395190235757,0.4886921905584123,6.265732014659643,1
201,82.935,1.0725433185347617,0.4886921905584123,6.265732014659643,1
202,82.975,1.071647885745564,0.4886921905584123,6.265732014659643,1
203,83.015,1.0707532206559809,0.4886921905584123,6.265732014659643,1
204,83.055,1.0698593232660127,0.4886921905584123,6.265732014659643,1
205,83.095,1.0689661935756618,0.4886921905584123,6.265732014659643,1
206,83.135,1.0680738315849245,0.4886921905584123,6.265732014659643,1
207,83.175,1.0671822372938036,0.4886921905584123,6.265732014659643,1
208,83.215,1.0662914107022972,0.4886921905584123,6.265732014659643,1
209,83.255,1.0654013518104066,0.4886921905584123,6.265732014659643,1
210,83.295,1.0645120606181315,0.4886921905584123,6.265732014659643,1
211,83.335,1.0636235371254714,0.4886921905584123,6.265732014659643,1
212,83.375,1.0627357813324272,0.4886921905584123,6.265732014659643,1
213,83.415,1.0618487932389975,0.4886921905584123,6.265732014659643,1
214,83.455,1.0609625728451841,0.4886921905584123,6.265732014659643,1
215,83.495,1.0600771201509862,0.4886921905584123,6.265732014659643,1
216,83.535,1.0591924351564028,0.4886921905584123,6.265732014659643,1
217,83.575,1.0583085178614353,0.4886921905584123,6.265732014659643,1
218,83.615,1.0574253682660828,0.4886921905584123,6.265732014659643,1
219,83.655,1.0565429863703462,0.4886921905584123,6.265732014659643,1
220,83.695,1.055661372174224,0.4886921905584123,6.265732014659643,1
221,83.735,1.0547805256777183,0.4886921905584123,6.265732014659643,1
222,83.775,1.0539004468808275,0.4886921905584123,6.265732014659643,1
223,83.815,1.0530211357835522,0.4886921905584123,6.265732014659643,1
224,83.855,1.0521425923858923,0.47123889803846897,6.265732014659643,1
225,83.895,1.0512648166878473,0.47123889803846897,6.265732014659643,1
226,83.935,1.0503878086894183,0.47123889803846897,6.265732014659643,1
227,83.975,1.0495115683906042,0.47123889803846897,6.265732014659643,1
228,84.015,1.0486360957914056,0.47123889803846897,6.265732014659643,1
229,84.055,1.0477613908918224,0.47123889803846897,6.265732014659643,1
230,84.095,1.0468874536918547,0.47123889803846897,6.265732014659643,1
231,84.135,1.0460142841915023,0.47123889803846897,6.265732014659643,1
232,84.175,1.045141882390765,0.47123889803846897,6.265732014659643,1
233,84.215,1.0442702482896435,0.47123889803846897,6.265732014659643,1
234,84.255,1.0433993818881375,0.47123889803846897,6.265732014659643,1
235,84.295,1.042529283186246,0.47123889803846897,6.265732014659643,1
236,84.335,1.041659952183971,0.47123889803846897,6.265732014659643,1
237,84.375,1.0407913888813103,0.47123889803846897,6.265732014659643,1
238,84.415,1.0399235932782656,0.47123889803846897,6.265732014659643,1
239,84.455,1.0390565653748363,0.47123889803846897,6.265732014659643,1
240,84.495,1.038190305171022,0.47123889803846897,6.265732014659643,1
241,84.535,1.0373248126668235,0.47123889803846897,6.265732014659643,1
242,84.575,1.0364600878622396,0.47123889803846897,6.265732014659643,1
243,84.615,1.0355961307572725,0.47123889803846897,6.265732014659643,1
244,84.655,1.034732941351919,0.47123889803846897,6.265732014659643,1
245,84.695,1.0338705196461828,0.47123889803846897,6.265732014659643,1
246,84.735,1.0330088656400607,0.47123889803846897,6.265732014659643,1
247,84.775,1.032147979333554,0.47123889803846897,6.265732014659643,1
248,84.815,1.0312878607266627,0.47123889803846897,6.265732014659643,1
249,84.855,1.0304285098193868,0.47123889803846897,6.265732014659643,1
250,84.895,1.0295699266117273,0.47123889803846897,6.265732014659643,1
251,84.935,1.0287121111036819,0.47123889803846897,6.265732014659643,1
252,84.975,1.0278550632952528,0.47123889803846897,6.265732014659643,1
253,85.015,1.0269987831864378,0.47123889803846897,6.265732014659643,1
254,85.055,1.0261432707772387,0.47123889803846897,6.265732014659643,1
255,85.095,1.0252885260676563,0.47123889803846897,6.265732014659643,1
256,85.135,1.0244345490576876,0.47123889803846897,6.265732014659643,1
257,85.175,1.0235813397473352,0.47123889803846897,6.265732014659643,1
258,85.215,1.0227288981365974,0.47123889803846897,6.265732014659643,1
259,85.255,1.0218772242254754,0.47123889803846897,6.265732014659643,1
260,85.295,1.0210263180139694,0.47123889803846897,6.265732014659643,1
261,85.335,1.0201761795020778,0.47123889803846897,6.265732014659643,1
262,85.375,1.0193268086898022,0.47123889803846897,6.265732014659643,1
263,85.415,1.018478205577141,0.47123889803846897,6.265732014659643,1
264,85.455,1.0176303701640963,0.47123889803846897,6.265732014659643,1
265,85.495,1.016783302450666,0.47123889803846897,6.265732014659643,1
266,85.535,1.0159370024368521,0.47123889803846897,6.265732014659643,1
267,85.575,1.0150914701226532,0.47123889803846897,6.265732014659643,1
268,85.615,1.0142467055080693,0.47123889803846897,6.265732014659643,1
269,85.655,1.0134027085931012,0.47123889803846897,6.265732014659643,1
270,85.695,1.0125594793777477,0.47123889803846897,6.265732014659643,1
271,85.735,1.0117170178620105,0.47123889803846897,6.265732014659643,1
272,85.775,1.0108753240458888,0.47123889803846897,6.265732014659643,1
273,85.815,1.0100343979293815,0.47123889803846897,6.265732014659643,1
274,85.855,1.0091942395124902,0.47123889803846897,6.265732014659643,1
275,85.895,1.0083548487952139,0.47123889803846897,6.265732014659643,1
276,85.935,1.0075162257775534,0.47123889803846897,6.265732014659643,1
277,85.975,1.006678370459508,0.47123889803846897,6.265732014659643,1
278,86.015,1.0058412828410783,0.47123889803846897,6.265732014659643,1
279,86.055,1.0050049629222637,0.47123889803846897,6.265732014659643,1
280,86.095,1.004169410703064,0.47123889803846897,6.265732014659643,1
281,86.135,1.0033346261834808,0.47123889803846897,6.265732014659643,1
282,86.175,1.002500609363512,0.47123889803846897,6.265732014659643,1
283,86.215,1.0016673602431592,0.47123889803846897,6.265732014659643,1
284,86.255,1.0008348788224217,0.47123889803846897,6.265732014659643,1
285,86.295,1.0000031651012988,0.47123889803846897,6.265732014659643,1
286,86.335,0.9991722190797923,0.47123889803846897,6.265732014659643,1
287,86.375,0.9983420407579002,0.47123889803846897,6.265732014659643,1
288,86.415,0.9975126301356245,0.47123889803846897,6.265732014659643,1
289,86.455,0.9966839872129629,0.47123889803846897,6.265732014659643,1
290,86.495,0.9958561119899181,0.47123889803846897,6.265732014659643,1
291,86.535,0.9950290044664882,0.47123889803846897,6.265732014659643,1
292,86.575,0.9942026646426729,0.47123889803846897,6.265732014659643,1
293,86.615,0.9933770925184744,0.47123889803846897,6.265732014659643,1
294,86.655,0.9925522880938895,0.47123889803846897,6.265732014659643,1
295,86.695,0.9917282513689218,0.47123889803846897,6.265732014659643,1
296,86.735,0.9909049823435683,0.47123889803846897,6.265732014659643,1
297,86.775,0.9900824810178301,0.47123889803846897,6.265732014659643,1
298,86.815,0.9892607473917079,0.47123889803846897,6.265732014659643,1
299,86.855,0.9884397814652002,0.47123889803846897,6.265732014659643,1
300,86.895,0.9876195832383092,0.47123889803846897,6.265732014659643,1
301,86.935,0.9868001527110328,0.47123889803846897,6.265732014659643,1
302,86.975,0.9859814898833719,0.47123889803846897,6.265732014659643,1
303,87.015,0.9851635947553259,0.47123889803846897,6.265732014659643,1
304,87.055,0.9843464673268953,0.47123889803846897,6.265732014659643,1
305,87.095,0.9835301075980811,0.47123889803846897,6.265732014659643,1
306,87.135,0.9827145155688806,0.47123889803846897,6.265732014659643,1
307,87.175,0.9818996912392977,0.47123889803846897,6.265732014659643,1
308,87.215,0.9810856346093284,0.47123889803846897,6.265732014659643,1
309,87.255,0.980272345678975,0.47123889803846897,6.265732014659643,1
310,87.295,0.9794598244482366,0.47123889803846897,6.265732014659643,1
311,87.335,0.9786480709171146,0.47123889803846897,6.265732014659643,1
312,87.375,0.9778370850856075,0.47123889803846897,6.265732014659643,1
313,87.415,0.977026866953715,0.47123889803846897,6.265732014659643,1
314,87.455,0.9762174165214388,0.47123889803846897,6.265732014659643,1
315,87.495,0.9754087337887771,0.47123889803846897,6.265732014659643,1
316,87.535,0.9746008187557318,0.47123889803846897,6.265732014659643,1
317,87.575,0.9737936714223014,0.47123889803846897,6.265732014659643,1
318,87.615,0.9729872917884861,0.47123889803846897,6.265732014659643,1
319,87.655,0.9721816798542866,0.47123889803846897,6.265732014659643,1
320,87.695,0.9713768356197021,0.45378560551852565,6.265732014659643,1
321,87.735,0.9705727590847335,0.45378560551852565,6.265732014659643,1
322,87.775,0.9697694502493794,0.45378560551852565,6.265732014659643,1
323,87.815,0.9689669091136417,0.45378560551852565,6.265732014659643,1
324,87.855,0.9681651356775189,0.45378560551852565,6.265732014659643,1
325,87.895,0.9673641299410112,0.45378560551852565,6.265732014659643,1
326,87.935,0.9665638919041193,0.45378560551852565,6.265732014659643,1
327,87.975,0.9657644215668424,0.45378560551852565,6.265732014659643,1
328,88.015,0.9649657189291814,0.45378560551852565,6.265732014659643,1
329,88.055,0.9641677839911358,0.45378560551852565,6.265732014659643,1
330,88.095,0.9633706167527047,0.45378560551852565,6.265732014659643,1
331,88.135,0.9625742172138896,0.45378560551852565,6.265732014659643,1
332,88.175,0.9617785853746894,0.45378560551852565,6.265732014659643,1
333,88.215,0.9609837212351051,0.45378560551852565,6.265732014659643,1
334,88.255,0.9601896247951363,0.45378560551852565,6.265732014659643,1
335,88.295,0.9593962960547824,0.45378560551852565,6.265732014659643,1
336,88.335,0.9586037350140444,0.45378560551852565,6.265732014659643,1
337,88.375,0.9578119416729209,0.45378560551852565,6.265732014659643,1
338,88.415,0.9570209160314138,0.45378560551852565,6.265732014659643,1
339,88.455,0.9562306580895212,0.45378560551852565,6.265732014659643,1
340,88.495,0.9554411678472445,0.45378560551852565,6.265732014659643,1
341,88.535,0.9546524453045833,0.45378560551852565,6.265732014659643,1
342,88.575,0.9538644904615365,0.45378560551852565,6.265732014659643,1
343,88.615,0.9530773033181061,0.45378560551852565,6.265732014659643,1
344,88.655,0.9522908838742907,0.45378560551852565,6.265732014659643,1
345,88.695,0.9515052321300912,0.45378560551852565,6.265732014659643,1
346,88.735,0.9507203480855062,0.45378560551852565,6.265732014659643,1
347,88.775,0.9499362317405367,0.45378560551852565,6.265732014659643,1
348,88.815,0.949152883095183,0.45378560551852565,6.265732014659643,1
349,88.855,0.9483703021494443,0.45378560551852565,6.265732014659643,1
350,88.895,0.9475884889033219,0.45378560551852565,6.265732014659643,1
351,88.935,0.9468074433568132,0.45378560551852565,6.265732014659643,1
352,88.975,0.9460271655099217,0.45378560551852565,6.265732014659643,1
353,89.015,0.9452476553626443,0.45378560551852565,6.265732014659643,1
354,89.055,0.9444689129149824,0.45378560551852565,6.265732014659643,1
355,89.095,0.9436909381669363,0.45378560551852565,6.265732014659643,1
356,89.135,0.9429137311185052,0.45378560551852565,6.265732014659643,1
357,89.175,0.9421372917696904,0.45378560551852565,6.265732014659643,1
358,89.215,0.9413616201204897,0.45378560551852565,6.265732014659643,1
359,89.255,0.9405867161709054,0.45378560551852565,6.265732014659643,1
360,89.295,0.9398125799209356,0.45378560551852565,6.265732014659643,1
361,89.335,0.9390392113705817,0.45378560551852565,6.265732014659643,1
362,89.375,0.9382666105198436,0.45378560551852565,6.265732014659643,1
363,89.415,0.9374947773687192,0.45378560551852565,6.265732014659643,1
364,89.455,0.936723711917212,0.45378560551852565,6.265732014659643,1
365,89.495,0.9359534141653194,0.45378560551852565,6.265732014659643,1
366,89.535,0.9351838841130422,0.45378560551852565,6.265732014659643,1
367,89.575,0.93441512176038,0.45378560551852565,6.265732014659643,1
368,89.615,0.9336471271073341,0.45378560551852565,6.265732014659643,1
369,89.655,0.9328799001539032,0.45378560551852565,6.265732014659643,1
370,89.695,0.9321134409000869,0.45378560551852565,6.265732014659643,1
371,89.735,0.9313477493458868,0.45378560551852565,6.265732014659643,1
372,89.775,0.9305828254913018,0.45378560551852565,6.265732014659643,1
373,89.815,0.9298186693363322,0.45378560551852565,6.265732014659643,1
374,89.855,0.9290552808809784,0.45378560551852565,6.265732014659643,1
375,89.895,0.9282926601252393,0.45378560551852565,6.265732014659643,1
376,89.935,0.927530807069116,0.45378560551852565,6.265732014659643,1
377,89.975,0.9267697217126076,0.45378560551852565,6.265732014659643,1
378,90.015,0.9260094040557152,0.45378560551852565,6.265732014659643,1
379,90.055,0.9252498540984382,0.45378560551852565,6.265732014659643,1
380,90.095,0.9244910718407757,0.45378560551852565,6.265732014659643,1
381,90.135,0.9237330572827296,0.45378560551852565,6.265732014659643,1
382,90.175,0.9229758104242975,0.45378560551852565,6.265732014659643,1
383,90.215,0.9222193312654823,0.45378560551852565,6.265732014659643,1
384,90.255,0.9214636198062811,0.45378560551852565,6.265732014659643,1
385,90.295,0.9207086760466967,0.45378560551852565,6.265732014659643,1
386,90.335,0.9199544999867268,0.45378560551852565,6.265732014659643,1
387,90.375,0.9192010916263724,0.45378560551852565,6.265732014659643,1
388,90.415,0.9184484509656334,0.45378560551852565,6.265732014659643,1
389,90.455,0.9176965780045094,0.45378560551852565,6.265732014659643,1
390,90.495,0.9169454727430018,0.45378560551852565,6.265732014659643,1
391,90.535,0.9161951351811091,0.45378560551852565,6.265732014659643,1
392,90.575,0.9154455653188309,0.45378560551852565,6.265732014659643,1
393,90.615,0.9146967631561691,0.45378560551852565,6.265732014659643,1
394,90.655,0.9139487286931223,0.45378560551852565,6.265732014659643,1
395,90.695,0.9132014619296918,0.45378560551852565,6.265732014659643,1
396,90.735,0.9124549628658745,0.45378560551852565,6.265732014659643,1
397,90.775,0.9117092315016744,0.45378560551852565,6.265732014659643,1
398,90.815,0.9109642678370893,0.45378560551852565,6.265732014659643,1
399,90.855,0.9102200718721187,0.45378560551852565,6.265732014659643,1
400,90.895,0.9094766436067645,0.45378560551852565,6.265732014659643,1
401,90.935,0.9087339830410253,0.45378560551852565,6.265732014659643,1
402,90.975,0.9079920901749023,0.45378560551852565,6.265732014659643,1
403,91.015,0.9072509650083935,0.45378560551852565,6.265732014659643,1
404,91.055,0.9065106075415001,0.45378560551852565,6.265732014659643,1
405,91.095,0.9057710177742226,0.45378560551852565,6.265732014659643,1
406,91.135,0.9050321957065601,0.45378560551852565,6.265732014659643,1
407,91.175,0.9042941413385139,0.45378560551852565,6.265732014659643,1
408,91.215,0.9035568546700814,0.45378560551852565,6.265732014659643,1
409,91.255,0.9028203357012661,0.45378560551852565,6.265732014659643,1
410,91.295,0.9020845844320649,0.45378560551852565,6.265732014659643,1
411,91.335,0.90134960086248,0.45378560551852565,6.265732014659643,1
412,91.375,0.9006153849925096,0.45378560551852565,6.265732014659643,1
413,91.415,0.8998819368221542,0.45378560551852565,6.265732014659643,1
414,91.455,0.8991492563514161,0.45378560551852565,6.265732014659643,1
415,91.495,0.8984173435802916,0.45378560551852565,6.265732014659643,1
416,91.535,0.8976861985087834,0.43633231299858233,6.265732014659643,1
417,91.575,0.8969558211368898,0.43633231299858233,6.265732014659643,1
418,91.615,0.896226211464612,0.43633231299858233,6.265732014659643,1
419,91.655,0.8954973694919501,0.43633231299858233,6.265732014659643,1
420,91.695,0.8947692952189024,0.43633231299858233,6.265732014659643,1
421,91.735,0.8940419886454709,0.43633231299858233,6.265732014659643,1
422,91.775,0.8933154497716544,0.43633231299858233,6.265732014659643,1
423,91.815,0.8925896785974539,0.43633231299858233,6.265732014659643,1
424,91.855,0.8918646751228683,0.43633231299858233,6.265732014659643,1
425,91.895,0.8911404393478977,0.43633231299858233,6.265732014659643,1
426,91.935,0.8904169712725434,0.43633231299858233,6.265732014659643,1
427,91.975,0.8896942708968032,0.43633231299858233,6.265732014659643,1
428,92.015,0.8889723382206793,0.43633231299858233,6.265732014659643,1
429,92.055,0.8882511732441705,0.43633231299858233,6.265732014659643,1
430,92.095,0.8875307759672775,0.43633231299858233,6.265732014659643,1
431,92.135,0.8868111463899995,0.43633231299858233,6.265732014659643,1
432,92.175,0.8860922845123365,0.43633231299858233,6.265732014659643,1
433,92.215,0.8853741903342898,0.43633231299858233,6.265732014659643,1
434,92.255,0.8846568638558572,0.43633231299858233,6.265732014659643,1
435,92.295,0.8839403050770414,0.43633231299858233,6.265732014659643,1
436,92.335,0.8832245139978401,0.43633231299858233,6.265732014659643,1
437,92.375,0.8825094906182542,0.43633231299858233,6.265732014659643,1
438,92.415,0.8817952349382843,0.43633231299858233,6.265732014659643,1
439,92.455,0.8810817469579288,0.43633231299858233,6.265732014659643,1
440,92.495,0.8803690266771893,0.43633231299858233,6.265732014659643,1
441,92.535,0.8796570740960648,0.43633231299858233,6.265732014659643,1
442,92.575,0.8789458892145561,0.43633231299858233,6.265732014659643,1
443,92.615,0.8782354720326628,0.43633231299858233,6.265732014659643,1
444,92.655,0.8775258225503841,0.43633231299858233,6.265732014659643,1
445,92.695,0.8768169407677218,0.43633231299858233,6.265732014659643,1
446,92.735,0.8761088266846739,0.43633231299858233,6.265732014659643,1
447,92.775,0.8754014803012424,0.43633231299858233,6.265732014659643,1
448,92.815,0.8746949016174259,0.43633231299858233,6.265732014659643,1
449,92.855,0.8739890906332244,0.43633231299858233,6.265732014659643,1
450,92.895,0.8732840473486383,0.43633231299858233,6.265732014659643,1
451,92.935,0.8725797717636676,0.43633231299858233,6.265732014659643,1
452,92.975,0.8718762638783133,0.43633231299858233,6.265732014659643,1
453,93.015,0.8711735236925726,0.43633231299858233,6.265732014659643,1
454,93.055,0.8704715512064483,0.43633231299858233,6.265732014659643,1
455,93.095,0.8697703464199398,0.43633231299858233,6.265732014659643,1
456,93.135,0.8690699093330454,0.43633231299858233,6.265732014659643,1
457,93.175,0.8683702399457673,0.43633231299858233,6.265732014659643,1
458,93.215,0.8676713382581043,0.43633231299858233,6.265732014659643,1
459,93.255,0.8669732042700575,0.43633231299858233,6.265732014659643,1
460,93.295,0.8662758379816249,0.43633231299858233,6.265732014659643,1
461,93.335,0.8655792393928086,0.43633231299858233,6.265732014659643,1
462,93.375,0.8648834085036068,0.43633231299858233,6.265732014659643,1
463,93.415,0.86418834531402,0.43633231299858233,6.265732014659643,1
464,93.455,0.8634940498240504,0.43633231299858233,6.265732014659643,1
465,93.495,0.8628005220336945,0.43633231299858233,6.265732014659643,1
466,93.535,0.8621077619429549,0.43633231299858233,6.265732014659643,1
467,93.575,0.8614157695518299,0.43633231299858233,6.265732014659643,1
468,93.615,0.8607245448603211,0.43633231299858233,6.265732014659643,1
469,93.655,0.8600340878684274,0.43633231299858233,6.265732014659643,1
470,93.695,0.8593443985761486,0.43633231299858233,6.265732014659643,1
471,93.735,0.8586554769834858,0.43633231299858233,6.265732014659643,1
472,93.775,0.8579673230904379,0.43633231299858233,6.265732014659643,1
473,93.815,0.8572799368970054,0.43633231299858233,6.265732014659643,1
474,93.855,0.8565933184031884,0.43633231299858233,6.265732014659643,1
475,93.895,0.8559074676089868,0.43633231299858233,6.265732014659643,1
476,93.935,0.8552223845144011,0.43633231299858233,6.265732014659643,1
477,93.975,0.8545380691194295,0.43633231299858233,6.265732014659643,1
478,94.015,0.8538545214240747,0.43633231299858233,6.265732014659643,1
479,94.055,0.853171741428334,0.43633231299858233,6.265732014659643,1
480,94.095,0.8524897291322096,0.43633231299858233,6.265732014659643,1
481,94.135,0.8518084845357006,0.43633231299858233,6.265732014659643,1
482,94.175,0.8511280076388061,0.43633231299858233,6.265732014659643,1
483,94.215,0.8504482984415276,0.43633231299858233,6.265732014659643,1
484,94.255,0.849769356943864,0.43633231299858233,6.265732014659643,1
485,94.295,0.8490911831458163,0.43633231299858233,6.265732014659643,1
486,94.335,0.8484137770473836,0.43633231299858233,6.265732014659643,1
487,94.375,0.8477371386485668,0.43633231299858233,6.265732014659643,1
488,94.415,0.8470612679493654,0.43633231299858233,6.265732014659643,1
489,94.455,0.8463861649497786,0.43633231299858233,6.265732014659643,1
490,94.495,0.8457118296498076,0.43633231299858233,6.265732014659643,1
491,94.535,0.8450382620494516,0.43633231299858233,6.265732014659643,1
492,94.575,0.8443654621487116,0.43633231299858233,6.265732014659643,1
493,94.615,0.8436934299475869,0.43633231299858233,6.265732014659643,1
494,94.655,0.8430221654460772,0.43633231299858233,6.265732014659643,1
495,94.695,0.842351668644183,0.43633231299858233,6.265732014659643,1
496,94.735,0.8416819395419042,0.43633231299858233,6.265732014659643,1
497,94.775,0.8410129781392408,0.43633231299858233,6.265732014659643,1
498,94.815,0.8403447844361924,0.43633231299858233,6.265732014659643,1
499,94.855,0.8396773584327599,0.43633231299858233,6.265732014659643,1
500,94.895,0.8390107001289429,0.43633231299858233,6.265732014659643,1
501,94.935,0.8383448095247408,0.43633231299858233,6.265732014659643,1
502,94.975,0.837679686620155,0.43633231299858233,6.265732014659643,1
503,95.015,0.8370153314151829,0.43633231299858233,6.265732014659643,1
504,95.055,0.8363517439098271,0.43633231299858233,6.265732014659643,1
505,95.095,0.8356889241040872,0.43633231299858233,6.265732014659643,1
506,95.135,0.8350268719979619,0.43633231299858233,6.265732014659643,1
507,95.175,0.8343655875914524,0.43633231299858233,6.265732014659643,1
508,95.215,0.8337050708845575,0.43633231299858233,6.265732014659643,1
509,95.255,0.8330453218772793,0.43633231299858233,6.265732014659643,1
510,95.295,0.8323863405696157,0.43633231299858233,6.265732014659643,1
511,95.335,0.8317281269615675,0.43633231299858233,6.265732014659643,1
512,95.375,0.8310706810531343,0.41887902047863923,6.265732014659643,1
513,95.415,0.8304140028443165,0.41887902047863923,6.265732014659643,1
514,95.455,0.8297580923351155,0.41887902047863923,6.265732014659643,1
515,95.495,0.8291029495255278,0.41887902047863923,6.265732014659643,1
516,95.535,0.8284485744155572,0.41887902047863923,6.265732014659643,1
517,95.575,0.8277949670052007,0.41887902047863923,6.265732014659643,1
518,95.615,0.8271421272944606,0.41887902047863923,6.265732014659643,1
519,95.655,0.826490055283335,0.41887902047863923,6.265732014659643,1
520,95.695,0.8258387509718252,0.41887902047863923,6.265732014659643,1
521,95.735,0.825188214359931,0.41887902047863923,6.265732014659643,1
522,95.775,0.8245384454476516,0.41887902047863923,6.265732014659643,1
523,95.815,0.8238894442349882,0.41887902047863923,6.265732014659643,1
524,95.855,0.8232412107219393,0.41887902047863923,6.265732014659643,1
525,95.895,0.8225937449085068,0.41887902047863923,6.265732014659643,1
526,95.935,0.8219470467946892,0.41887902047863923,6.265732014659643,1
527,95.975,0.8213011163804866,0.41887902047863923,6.265732014659643,1
528,96.015,0.8206559536658999,0.41887902047863923,6.265732014659643,1
529,96.055,0.8200115586509282,0.41887902047863923,6.265732014659643,1
530,96.095,0.8193679313355724,0.41887902047863923,6.265732014659643,1
531,96.135,0.8187250717198311,0.41887902047863923,6.265732014659643,1
532,96.175,0.8180829798037061,0.41887902047863923,6.265732014659643,1
533,96.215,0.8174416555871966,0.41887902047863923,6.265732014659643,1
534,96.255,0.8168010990703012,0.41887902047863923,6.265732014659643,1
535,96.295,0.8161613102530225,0.41887902047863923,6.265732014659643,1
536,96.335,0.815522289135358,0.41887902047863923,6.265732014659643,1
537,96.375,0.8148840357173097,0.41887902047863923,6.265732014659643,1
538,96.415,0.8142465499988769,0.41887902047863923,6.265732014659643,1
539,96.455,0.8136098319800587,0.41887902047863923,6.265732014659643,1
540,96.495,0.8129738816608567,0.41887902047863923,6.265732014659643,1
541,96.535,0.8123386990412693,0.41887902047863923,6.265732014659643,1
542,96.575,0.8117042841212978,0.41887902047863923,6.265732014659643,1
543,96.615,0.8110706369009417,0.41887902047863923,6.265732014659643,1
544,96.655,0.8104377573802006,0.41887902047863923,6.265732014659643,1
545,96.695,0.809805645559075,0.41887902047863923,6.265732014659643,1
546,96.735,0.8091743014375647,0.41887902047863923,6.265732014659643,1
547,96.775,0.80854372501567,0.41887902047863923,6.265732014659643,1
548,96.815,0.8079139162933902,0.41887902047863923,6.265732014659643,1
549,96.855,0.8072848752707267,0.41887902047863923,6.265732014659643,1
550,96.895,0.8066566019476782,0.41887902047863923,6.265732014659643,1
551,96.935,0.8060290963242442,0.41887902047863923,6.265732014659643,1
552,96.975,0.8054023584004266,0.41887902047863923,6.265732014659643,1
553,97.015,0.8047763881762235,0.41887902047863923,6.265732014659643,1
554,97.055,0.8041511856516368,0.41887902047863923,6.265732014659643,1
555,97.095,0.8035267508266655,0.41887902047863923,6.265732014659643,1
556,97.135,0.8029030837013083,0.41887902047863923,6.265732014659643,1
557,97.175,0.8022801842755678,0.41887902047863923,6.265732014659643,1
558,97.215,0.8016580525494414,0.41887902047863923,6.265732014659643,1
559,97.255,0.8010366885229319,0.41887902047863923,6.265732014659643,1
560,97.295,0.8004160921960359,0.41887902047863923,6.265732014659643,1
561,97.335,0.7997962635687572,0.41887902047863923,6.265732014659643,1
562,97.375,0.799177202641093,0.41887902047863923,6.265732014659643,1
563,97.415,0.7985589094130439,0.41887902047863923,6.265732014659643,1
564,97.455,0.7979413838846106,0.41887902047863923,6.265732014659643,1
565,97.495,0.7973246260557918,0.41887902047863923,6.265732014659643,1
566,97.535,0.7967086359265902,0.41887902047863923,6.265732014659643,1
567,97.575,0.7960934134970024,0.41887902047863923,6.265732014659643,1
568,97.615,0.7954789587670308,0.41887902047863923,6.265732014659643,1
569,97.655,0.7948652717366738,0.41887902047863923,6.265732014659643,1
570,97.695,0.7942523524059326,0.41887902047863923,6.265732014659643,1
571,97.735,0.7936402007748069,0.41887902047863923,6.265732014659643,1
572,97.775,0.7930288168432957,0.41887902047863923,6.265732014659643,1
573,97.815,0.7924182006114013,0.41887902047863923,6.265732014659643,1
574,97.855,0.791808352079121,0.41887902047863923,6.265732014659643,1
575,97.895,0.7911992712464571,0.41887902047863923,6.265732014659643,1
576,97.935,0.7905909581134076,0.41887902047863923,6.265732014659643,1
577,97.975,0.7899834126799741,0.41887902047863923,6.265732014659643,1
578,98.015,0.7893766349461564,0.41887902047863923,6.265732014659643,1
579,98.055,0.7887706249119533,0.41887902047863923,6.265732014659643,1
580,98.095,0.788165382577366,0.41887902047863923,6.265732014659643,1
581,98.135,0.7875609079423933,0.41887902047863923,6.265732014659643,1
582,98.175,0.7869572010070369,0.41887902047863923,6.265732014659643,1
583,98.215,0.7863542617712955,0.41887902047863923,6.265732014659643,1
584,98.255,0.7857520902351691,0.41887902047863923,6.265732014659643,1
585,98.295,0.785150686398659,0.41887902047863923,6.265732014659643,1
586,98.335,0.784550050261763,0.41887902047863923,6.265732014659643,1
587,98.375,0.7839501818244834,0.41887902047863923,6.265732014659643,1
588,98.415,0.7833510810868192,0.41887902047863923,6.265732014659643,1
589,98.455,0.7827527480487695,0.41887902047863923,6.265732014659643,1
590,98.495,0.7821551827103361,0.41887902047863923,6.265732014659643,1
591,98.535,0.7815583850715173,0.41887902047863923,6.265732014659643,1
592,98.575,0.7809623551323144,0.41887902047863923,6.265732014659643,1
593,98.615,0.7803670928927264,0.41887902047863923,6.265732014659643,1
594,98.655,0.7797725983527544,0.41887902047863923,6.265732014659643,1
595,98.695,0.7791788715123977,0.41887902047863923,6.265732014659643,1
596,98.735,0.7785859123716556,0.41887902047863923,6.265732014659643,1
597,98.775,0.7779937209305299,0.41887902047863923,6.265732014659643,1
598,98.815,0.7774022971890187,0.41887902047863923,6.265732014659643,1
599,98.855,0.7768116411471238,0.41887902047863923,6.265732014659643,1
600,98.895,0.7762217528048438,0.41887902047863923,6.265732014659643,1
601,98.935,0.7756326321621785,0.41887902047863923,6.265732014659643,1
602,98.975,0.7750442792191294,0.41887902047863923,6.265732014659643,1
603,99.015,0.7744566939756954,0.41887902047863923,6.265732014659643,1
604,99.055,0.7738698764318772,0.41887902047863923,6.265732014659643,1
605,99.095,0.7732838265876731,0.41887902047863923,6.265732014659643,1
606,99.135,0.7726985444430858,0.41887902047863923,6.265732014659643,1
607,99.175,0.7721140299981135,0.41887902047863923,6.265732014659643,1
608,99.215,0.7715302832527562,0.41887902047863923,6.265732014659643,1
609,99.255,0.7709473042070147,0.41887902047863923,6.265732014659643,1
610,99.295,0.7703650928608878,0.41887902047863923,6.265732014659643,1
611,99.335,0.7697836492143777,0.41887902047863923,6.265732014659643,1
612,99.375,0.7692029732674817,0.41887902047863923,6.265732014659643,1
613,99.415,0.7686230650202011,0.41887902047863923,6.265732014659643,1
614,99.455,0.7680439244725368,0.41887902047863923,6.265732014659643,1
615,99.495,0.7674655516244866,0.41887902047863923,6.265732014659643,1
616,99.535,0.7668879464760536,0.41887902047863923,6.265732014659643,1
617,99.575,0.7663111090272339,0.41887902047863923,6.265732014659643,1
618,99.615,0.7657350392780313,0.41887902047863923,6.265732014659643,1
619,99.655,0.7651597372284429,0.41887902047863923,6.265732014659643,1
620,99.695,0.7645852028784703,0.41887902047863923,6.265732014659643,1
621,99.735,0.7640114362281127,0.41887902047863923,6.265732014659643,1
622,99.775,0.7634384372773706,0.41887902047863923,6.265732014659643,1
623,99.815,0.7628662060262452,0.41887902047863923,6.265732014659643,1
624,99.855,0.7622947424747335,0.41887902047863923,6.265732014659643,1
625,99.895,0.7617240466228381,0.41887902047863923,6.265732014659643,1
626,99.935,0.7611541184705573,0.41887902047863923,6.265732014659643,1
627,99.975,0.7605849580178923,0.41887902047863923,6.265732014659643,1
628,100.015,0.7600165652648432,0.41887902047863923,6.265732014659643,1
629,100.055,0.7594489402114077,0.41887902047863923,6.265732014659643,1
630,100.095,0.75888208285759,0.41887902047863923,6.265732014659643,1
631,100.135,0.7583159932033858,0.41887902047863923,6.265732014659643,1
632,100.175,0.757750671248798,0.41887902047863923,6.265732014659643,1
633,100.215,0.7571861169938257,0.41887902047863923,6.265732014659643,1
634,100.255,0.7566223304384678,0.41887902047863923,6.265732014659643,1
635,100.295,0.7560593115827259,0.41887902047863923,6.265732014659643,1
636,100.335,0.7554970604265989,0.41887902047863923,6.265732014659643,1
637,100.375,0.7549355769700878,0.41887902047863923,6.265732014659643,1
638,100.415,0.7543748612131917,0.41887902047863923,6.265732014659643,1
639,100.455,0.7538149131559111,0.41887902047863923,6.265732014659643,1
640,100.495,0.7532557327982463,0.4014257279586957,6.265732014659643,1
641,100.535,0.7526973201401961,0.4014257279586957,6.265732014659643,1
642,100.575,0.7521396751817622,0.4014257279586957,6.265732014659643,1
643,100.615,0.7515827979229424,0.4014257279586957,6.265732014659643,1
644,100.655,0.7510266883637389,0.4014257279586957,6.265732014659643,1
645,100.695,0.7504713465041508,0.4014257279586957,6.265732014659643,1
646,100.735,0.7499167723441778,0.4014257279586957,6.265732014659643,1
647,100.775,0.7493629658838206,0.4014257279586957,6.265732014659643,1
648,100.815,0.7488099271230779,0.4014257279586957,6.265732014659643,1
649,100.855,0.7482576560619512,0.4014257279586957,6.265732014659643,1
650,100.895,0.7477061527004394,0.4014257279586957,6.265732014659643,1
651,100.935,0.7471554170385435,0.4014257279586957,6.265732014659643,1
652,100.975,0.746605449076263,0.4014257279586957,6.265732014659643,1
653,101.015,0.7460562488135976,0.4014257279586957,6.265732014659643,1
654,101.055,0.7455078162505475,0.4014257279586957,6.265732014659643,1
655,101.095,0.7449601513871125,0.4014257279586957,6.265732014659643,1
656,101.135,0.7444132542232937,0.4014257279586957,6.265732014659643,1
657,101.175,0.74386712475909,0.4014257279586957,6.265732014659643,1
658,101.215,0.7433217629945013,0.4014257279586957,6.265732014659643,1
659,101.255,0.7427771689295284,0.4014257279586957,6.265732014659643,1
660,101.295,0.7422333425641701,0.4014257279586957,6.265732014659643,1
661,101.335,0.741690283898429,0.4014257279586957,6.265732014659643,1
662,101.375,0.7411479929323006,0.4014257279586957,6.265732014659643,1
663,101.415,0.7406064696657895,0.4014257279586957,6.265732014659643,1
664,101.455,0.7400657140988933,0.4014257279586957,6.265732014659643,1
665,101.495,0.7395257262316122,0.4014257279586957,6.265732014659643,1
666,101.535,0.7389865060639469,0.4014257279586957,6.265732014659643,1
667,101.575,0.7384480535958966,0.4014257279586957,6.265732014659643,1
668,101.615,0.7379103688274626,0.4014257279586957,6.265732014659643,1
669,101.655,0.7373734517586428,0.4014257279586957,6.265732014659643,1
670,101.695,0.7368373023894392,0.4014257279586957,6.265732014659643,1
671,101.735,0.7363019207198502,0.4014257279586957,6.265732014659643,1
672,101.775,0.7357673067498762,0.4014257279586957,6.265732014659643,1
673,101.815,0.7352334604795194,0.4014257279586957,6.265732014659643,1
674,101.855,0.7347003819087767,0.4014257279586957,6.265732014659643,1
675,101.895,0.7341680710376495,0.4014257279586957,6.265732014659643,1
676,101.935,0.7336365278661376,0.4014257279586957,6.265732014659643,1
677,101.975,0.7331057523942413,0.4014257279586957,6.265732014659643,1
678,102.015,0.7325757446219607,0.4014257279586957,6.265732014659643,1
679,102.055,0.7320465045492939,0.4014257279586957,6.265732014659643,1
680,102.095,0.7315180321762447,0.4014257279586957,6.265732014659643,1
681,102.135,0.7309903275028091,0.4014257279586957,6.265732014659643,1
682,102.175,0.7304633905289899,0.4014257279586957,6.265732014659643,1
683,102.215,0.7299372212547852,0.4014257279586957,6.265732014659643,1
684,102.255,0.7294118196801969,0.4014257279586957,6.265732014659643,1
685,102.295,0.7288871858052235,0.4014257279586957,6.265732014659643,1
686,102.335,0.7283633196298651,0.4014257279586957,6.265732014659643,1
687,102.375,0.7278402211541226,0.4014257279586957,6.265732014659643,1
688,102.415,0.7273178903779951,0.4014257279586957,6.265732014659643,1
689,102.455,0.7267963273014835,0.4014257279586957,6.265732014659643,1
690,102.495,0.7262755319245873,0.4014257279586957,6.265732014659643,1
691,102.535,0.7257555042473056,0.4014257279586957,6.265732014659643,1
692,102.575,0.7252362442696398,0.4014257279586957,6.265732014659643,1
693,102.615,0.724717751991589,0.4014257279586957,6.265732014659643,1
694,102.655,0.7242000274131541,0.4014257279586957,6.265732014659643,1
695,102.695,0.7236830705343342,0.4014257279586957,6.265732014659643,1
696,102.735,0.7231668813551302,0.4014257279586957,6.265732014659643,1
697,102.775,0.7226514598755416,0.4014257279586957,6.265732014659643,1
698,102.815,0.7221368060955675,0.4014257279586957,6.265732014659643,1
699,102.855,0.7216229200152093,0.4014257279586957,6.265732014659643,1
700,102.895,0.7211098016344661,0.4014257279586957,6.265732014659643,1
701,102.935,0.7205974509533388,0.4014257279586957,6.265732014659643,1
702,102.975,0.7200858679718269,0.4014257279586957,6.265732014659643,1
703,103.015,0.71957505268993,0.4014257279586957,6.265732014659643,1
704,103.055,0.719065005107649,0.4014257279586957,6.265732014659643,1
705,103.095,0.7185557252249826,0.4014257279586957,6.265732014659643,1
706,103.135,0.7180472130419324,0.4014257279586957,6.265732014659643,1
707,103.175,0.7175394685584964,0.4014257279586957,6.265732014659643,1
708,103.215,0.7170324917746771,0.4014257279586957,6.265732014659643,1
709,103.255,0.7165262826904728,0.4014257279586957,6.265732014659643,1
710,103.295,0.7160208413058831,0.4014257279586957,6.265732014659643,1
711,103.335,0.7155161676209105,0.4014257279586957,6.265732014659643,1
712,103.375,0.7150122616355508,0.4014257279586957,6.265732014659643,1
713,103.415,0.7145091233498082,0.4014257279586957,6.265732014659643,1
714,103.455,0.7140067527636811,0.4014257279586957,6.265732014659643,1
715,103.495,0.7135051498771681,0.4014257279586957,6.265732014659643,1
716,103.535,0.7130043146902714,0.4014257279586957,6.265732014659643,1
717,103.575,0.7125042472029897,0.4014257279586957,6.265732014659643,1
718,103.615,0.7120049474153243,0.4014257279586957,6.265732014659643,1
719,103.655,0.7115064153272734,0.4014257279586957,6.265732014659643,1
720,103.695,0.711008650938838,0.4014257279586957,6.265732014659643,1
721,103.735,0.7105116542500176,0.4014257279586957,6.265732014659643,1
722,103.775,0.7100154252608126,0.4014257279586957,6.265732014659643,1
723,103.815,0.7095199639712244,0.4014257279586957,6.265732014659643,1
724,103.855,0.7090252703812494,0.4014257279586957,6.265732014659643,1
725,103.895,0.7085313444908916,0.4014257279586957,6.265732014659643,1
726,103.935,0.7080381863001484,0.4014257279586957,6.265732014659643,1
727,103.975,0.7075457958090206,0.4014257279586957,6.265732014659643,1
728,104.015,0.7070541730175077,0.4014257279586957,6.265732014659643,1
729,104.055,0.7065633179256103,0.4014257279586957,6.265732014659643,1
730,104.095,0.7060732305333297,0.4014257279586957,6.265732014659643,1
731,104.135,0.7055839108406632,0.4014257279586957,6.265732014659643,1
732,104.175,0.7050953588476121,0.4014257279586957,6.265732014659643,1
733,104.215,0.7046075745541764,0.4014257279586957,6.265732014659643,1
734,104.255,0.7041205579603562,0.4014257279586957,6.265732014659643,1
735,104.295,0.7036343090661519,0.4014257279586957,6.265732014659643,1
736,104.335,0.7031488278715621,0.3839724354387526,6.265732014659643,1
737,104.375,0.7026641143765882,0.3839724354387526,6.265732014659643,1
738,104.415,0.7021801685812292,0.3839724354387526,6.265732014659643,1
739,104.455,0.7016969904854862,0.3839724354387526,6.265732014659643,1
740,104.495,0.7012145800893577,0.3839724354387526,6.265732014659643,1
741,104.535,0.7007329373928455,0.3839724354387526,6.265732014659643,1
742,104.575,0.7002520623959487,0.3839724354387526,6.265732014659643,1
743,104.615,0.6997719550986661,0.3839724354387526,6.265732014659643,1
744,104.655,0.6992926155010002,0.3839724354387526,6.265732014659643,1
745,104.695,0.6988140436029484,0.3839724354387526,6.265732014659643,1
746,104.735,0.698336239404513,0.3839724354387526,6.265732014659643,1
747,104.775,0.6978592029056929,0.3839724354387526,6.265732014659643,1
748,104.815,0.6973829341064874,0.3839724354387526,6.265732014659643,1
749,104.855,0.6969074330068983,0.3839724354387526,6.265732014659643,1
750,104.895,0.6964326996069237,0.3839724354387526,6.265732014659643,1
751,104.935,0.6959587339065649,0.3839724354387526,6.265732014659643,1
752,104.975,0.6954855359058212,0.3839724354387526,6.265732014659643,1
753,105.015,0.6950131056046933,0.3839724354387526,6.265732014659643,1
754,105.055,0.6945414430031809,0.3839724354387526,6.265732014659643,1
755,105.095,0.694070548101283,0.3839724354387526,6.265732014659643,1
756,105.135,0.6936004208990014,0.3839724354387526,6.265732014659643,1
757,105.175,0.6931310613963344,0.3839724354387526,6.265732014659643,1
758,105.215,0.6926624695932833,0.3839724354387526,6.265732014659643,1
759,105.255,0.6921946454898475,0.3839724354387526,6.265732014659643,1
760,105.295,0.6917275890860268,0.3839724354387526,6.265732014659643,1
761,105.335,0.691261300381822,0.3839724354387526,6.265732014659643,1
762,105.375,0.6907957793772317,0.3839724354387526,6.265732014659643,1
763,105.415,0.6903310260722577,0.3839724354387526,6.265732014659643,1
764,105.455,0.6898670404668987,0.3839724354387526,6.265732014659643,1
765,105.495,0.6894038225611547,0.3839724354387526,6.265732014659643,1
766,105.535,0.6889413723550271,0.3839724354387526,6.265732014659643,1
767,105.575,0.6884796898485135,0.3839724354387526,6.265732014659643,1
